{"type":"Topology","transform":{"scale":[0.021050140147900763,0.014509675882149273],"translate":[1.494140625,41.37680856570233]},"arcs":[[[786,1236],[-42,-32],[-47,-19],[15,-78],[-30,-82],[-58,-3],[-75,-40],[-38,7],[-17,-40],[2,-25],[8,-48],[60,-109],[-172,-10],[-230,1],[-20,-31],[-3,-49],[-3,-25],[-78,-121]],[[59,531],[-19,-15],[50,-188],[48,-48],[-138,-130],[31,-54],[18,-19],[14,-39],[-35,-38]]],"objects":{"route_line":{"type":"GeometryCollection","geometries":[{"type":"LineString","arcs":[0],"properties":{"ID":0}},{"type":"LineString","arcs":[1],"properties":{"ID":1}},{"type":null,"properties":{"ID":2}}]}}}